{"cameraMode":{"drawMode":0,"name":"Shaded","section":"Shading Mode"},"sceneLighting":false,"audioPlay":false,"sceneViewState":{"showFog":true,"showMaterialUpdate":true,"showSkybox":true,"showFlares":true,"showImageEffects":true,"showParticleSystems":true},"in2DMode":false,"pivot":{"x":19.05417251586914,"y":-0.29161500930786135,"z":20.90027618408203},"rotation":{"x":-0.06020542234182358,"y":-0.047299373894929889,"z":0.0028561728540807964,"w":-0.9970619082450867},"size":27.81090545654297,"orthographic":false}